TIME,HELMET_RAW,BELT_ACC_X,BELT_ACC_Y,BELT_ACC_Z,BELT_ANG_X,BELT_ANG_Y,BELT_ANG_Z,BELT_LUMINOSITY,NECK_ACC_X,NECK_ACC_Y,NECK_ACC_Z,NECK_ANG_X,NECK_ANG_Y,NECK_ANG_Z,NECK_LUMINOSITY,PCKT_ACC_X,PCKT_ACC_Y,PCKT_ACC_Z,PCKT_ANG_X,PCKT_ANG_Y,PCKT_ANG_Z,PCKT_LUMINOSITY,WRST_ACC_X,WRST_ACC_Y,WRST_ACC_Z,WRST_ANG_X,WRST_ANG_Y,WRST_ANG_Z,WRST_LUMINOSITY,IR_1,IR_2,IR_3,IR_4
24-May-2018 14:44:06,51.7777777777778,0.0908714285714286,-0.882571428571428,-0.389657142857143,0.57,-0.6255,0.275333333333333,0.201,0,0,0,0,0,0,0,-0.457433333333333,-0.85875,0.0542833333333334,-26.174,20.9462,-3.542,1.0638,0.279714285714286,-0.937628571428571,0.261885714285714,0.540285714285714,0.366,-0.226571428571429,610.230333333333,1,1,0,0
24-May-2018 14:44:06,51.7777777777778,0.0908714285714286,-0.882571428571428,-0.389657142857143,0.57,-0.6255,0.275333333333333,0.201,0,0,0,0,0,0,0,-0.457433333333333,-0.85875,0.0542833333333334,-26.174,20.9462,-3.542,1.0638,0.279714285714286,-0.937628571428571,0.261885714285714,0.540285714285714,0.366,-0.226571428571429,610.230333333333,1,1,0,0
24-May-2018 14:44:06,51.7777777777778,0.0908714285714286,-0.882571428571428,-0.389657142857143,0.57,-0.6255,0.275333333333333,0.201,0,0,0,0,0,0,0,-0.457433333333333,-0.85875,0.0542833333333334,-26.174,20.9462,-3.542,1.0638,0.279714285714286,-0.937628571428571,0.261885714285714,0.540285714285714,0.366,-0.226571428571429,610.230333333333,1,1,0,0
24-May-2018 14:44:06,51.7777777777778,0.0908714285714286,-0.882571428571428,-0.389657142857143,0.57,-0.6255,0.275333333333333,0.201,0,0,0,0,0,0,0,-0.457433333333333,-0.85875,0.0542833333333334,-26.174,20.9462,-3.542,1.0638,0.279714285714286,-0.937628571428571,0.261885714285714,0.540285714285714,0.366,-0.226571428571429,610.230333333333,1,1,0,0
24-May-2018 14:44:07,51.4,0.0908714285714286,-0.882571428571428,-0.389657142857143,0.57,-0.6255,0.275333333333333,0.201,0,0,0,0,0,0,0,-0.382716666666667,-0.918083333333333,-0.0171666666666667,25.0998571428571,30.7271428571429,3.60828571428571,0.859,0.27998,-0.93856,0.25812,0.549,0.480375,-0.13725,609.543666666667,1,1,0.5,1
24-May-2018 14:44:07,51.4,0.0908714285714286,-0.882571428571428,-0.389657142857143,0.57,-0.6255,0.275333333333333,0.201,0,0,0,0,0,0,0,-0.382716666666667,-0.918083333333333,-0.0171666666666667,25.0998571428571,30.7271428571429,3.60828571428571,0.859,0.27998,-0.93856,0.25812,0.549,0.480375,-0.13725,609.543666666667,1,1,0.5,1
24-May-2018 14:44:07,51.4,0.0908714285714286,-0.882571428571428,-0.389657142857143,0.57,-0.6255,0.275333333333333,0.201,0,0,0,0,0,0,0,-0.382716666666667,-0.918083333333333,-0.0171666666666667,25.0998571428571,30.7271428571429,3.60828571428571,0.859,0.27998,-0.93856,0.25812,0.549,0.480375,-0.13725,609.543666666667,1,1,0.5,1
24-May-2018 14:44:07,51.4,0.0908714285714286,-0.882571428571428,-0.389657142857143,0.57,-0.6255,0.275333333333333,0.201,0,0,0,0,0,0,0,-0.382716666666667,-0.918083333333333,-0.0171666666666667,25.0998571428571,30.7271428571429,3.60828571428571,0.859,0.27998,-0.93856,0.25812,0.549,0.480375,-0.13725,609.543666666667,1,1,0.5,1
24-May-2018 14:44:08,51.5714285714286,0.0908714285714286,-0.882571428571428,-0.389657142857143,0.57,-0.6255,0.275333333333333,0.201,0,0,0,0,0,0,0,-0.385442857142857,-0.917771428571428,0.106471428571429,-14.120375,1.29375,-2.109875,0.821,0.289425,-0.92915,0.342775,16.6666666666667,11.687,2.98766666666667,609.248333333333,1,1,1,1
24-May-2018 14:44:08,51.5714285714286,0.0908714285714286,-0.882571428571428,-0.389657142857143,0.57,-0.6255,0.275333333333333,0.201,0,0,0,0,0,0,0,-0.385442857142857,-0.917771428571428,0.106471428571429,-14.120375,1.29375,-2.109875,0.821,0.289425,-0.92915,0.342775,16.6666666666667,11.687,2.98766666666667,609.248333333333,1,1,1,1
24-May-2018 14:44:08,51.5714285714286,0.0908714285714286,-0.882571428571428,-0.389657142857143,0.57,-0.6255,0.275333333333333,0.201,0,0,0,0,0,0,0,-0.385442857142857,-0.917771428571428,0.106471428571429,-14.120375,1.29375,-2.109875,0.821,0.289425,-0.92915,0.342775,16.6666666666667,11.687,2.98766666666667,609.248333333333,1,1,1,1
24-May-2018 14:44:08,51.5714285714286,0.0908714285714286,-0.882571428571428,-0.389657142857143,0.57,-0.6255,0.275333333333333,0.201,0,0,0,0,0,0,0,-0.385442857142857,-0.917771428571428,0.106471428571429,-14.120375,1.29375,-2.109875,0.821,0.289425,-0.92915,0.342775,16.6666666666667,11.687,2.98766666666667,609.248333333333,1,1,1,1
24-May-2018 14:44:09,51.8,0.0908714285714286,-0.882571428571428,-0.389657142857143,0.57,-0.6255,0.275333333333333,0.201,0,0,0,0,0,0,0,-0.401533333333333,-0.905183333333333,0.0348333333333333,3.28525,-25.9345,0.2435,0.6485,0.746222222222222,-0.473355555555556,0.500077777777778,-22.7687142857143,-43.4402857142857,-38.972,702.852,1,1,1,1
24-May-2018 14:44:09,51.8,0.0908714285714286,-0.882571428571428,-0.389657142857143,0.57,-0.6255,0.275333333333333,0.201,0,0,0,0,0,0,0,-0.401533333333333,-0.905183333333333,0.0348333333333333,3.28525,-25.9345,0.2435,0.6485,0.746222222222222,-0.473355555555556,0.500077777777778,-22.7687142857143,-43.4402857142857,-38.972,702.852,1,1,1,1
24-May-2018 14:44:09,51.8,0.0908714285714286,-0.882571428571428,-0.389657142857143,0.57,-0.6255,0.275333333333333,0.201,0,0,0,0,0,0,0,-0.401533333333333,-0.905183333333333,0.0348333333333333,3.28525,-25.9345,0.2435,0.6485,0.746222222222222,-0.473355555555556,0.500077777777778,-22.7687142857143,-43.4402857142857,-38.972,702.852,1,1,1,1
24-May-2018 14:44:09,51.8,0.0908714285714286,-0.882571428571428,-0.389657142857143,0.57,-0.6255,0.275333333333333,0.201,0,0,0,0,0,0,0,-0.401533333333333,-0.905183333333333,0.0348333333333333,3.28525,-25.9345,0.2435,0.6485,0.746222222222222,-0.473355555555556,0.500077777777778,-22.7687142857143,-43.4402857142857,-38.972,702.852,1,1,1,1
24-May-2018 14:44:10,51.8571428571429,0.0908714285714286,-0.882571428571428,-0.389657142857143,0.57,-0.6255,0.275333333333333,0.201,0,0,0,0,0,0,0,-0.425075,-0.8990875,0.06215,-10.4566666666667,2.85,-2.15916666666667,0.673,0.856885714285714,-0.392614285714286,0.340842857142857,45.366,38.8546,53.3304,543.9626,1,1,1,1
24-May-2018 14:44:10,51.8571428571429,0.0908714285714286,-0.882571428571428,-0.389657142857143,0.57,-0.6255,0.275333333333333,0.201,0,0,0,0,0,0,0,-0.425075,-0.8990875,0.06215,-10.4566666666667,2.85,-2.15916666666667,0.673,0.856885714285714,-0.392614285714286,0.340842857142857,45.366,38.8546,53.3304,543.9626,1,1,1,1
24-May-2018 14:44:10,51.8571428571429,0.0908714285714286,-0.882571428571428,-0.389657142857143,0.57,-0.6255,0.275333333333333,0.201,0,0,0,0,0,0,0,-0.425075,-0.8990875,0.06215,-10.4566666666667,2.85,-2.15916666666667,0.673,0.856885714285714,-0.392614285714286,0.340842857142857,45.366,38.8546,53.3304,543.9626,1,1,1,1
24-May-2018 14:44:10,51.8571428571429,0.0908714285714286,-0.882571428571428,-0.389657142857143,0.57,-0.6255,0.275333333333333,0.201,0,0,0,0,0,0,0,-0.425075,-0.8990875,0.06215,-10.4566666666667,2.85,-2.15916666666667,0.673,0.856885714285714,-0.392614285714286,0.340842857142857,45.366,38.8546,53.3304,543.9626,1,1,1,1
24-May-2018 14:44:11,51.8888888888889,0.0908714285714286,-0.882571428571428,-0.389657142857143,0.57,-0.6255,0.275333333333333,0.201,0,0,0,0,0,0,0,-0.457971428571429,-1.0186,-0.0146,2.498625,5.188,1.223375,0.627666666666667,0.785983333333333,-0.486216666666667,0.5127,-1.836,-30.745,37.4118888888889,584.436,0,0,1,0.5
24-May-2018 14:44:11,51.8888888888889,0.0908714285714286,-0.882571428571428,-0.389657142857143,0.57,-0.6255,0.275333333333333,0.201,0,0,0,0,0,0,0,-0.457971428571429,-1.0186,-0.0146,2.498625,5.188,1.223375,0.627666666666667,0.785983333333333,-0.486216666666667,0.5127,-1.836,-30.745,37.4118888888889,584.436,0,0,1,0.5
24-May-2018 14:44:11,51.8888888888889,0.0908714285714286,-0.882571428571428,-0.389657142857143,0.57,-0.6255,0.275333333333333,0.201,0,0,0,0,0,0,0,-0.457971428571429,-1.0186,-0.0146,2.498625,5.188,1.223375,0.627666666666667,0.785983333333333,-0.486216666666667,0.5127,-1.836,-30.745,37.4118888888889,584.436,0,0,1,0.5
24-May-2018 14:44:11,51.8888888888889,0.0908714285714286,-0.882571428571428,-0.389657142857143,0.57,-0.6255,0.275333333333333,0.201,0,0,0,0,0,0,0,-0.457971428571429,-1.0186,-0.0146,2.498625,5.188,1.223375,0.627666666666667,0.785983333333333,-0.486216666666667,0.5127,-1.836,-30.745,37.4118888888889,584.436,0,0,1,0.5
24-May-2018 14:44:12,51.8888888888889,0.0908714285714286,-0.882571428571428,-0.389657142857143,0.57,-0.6255,0.275333333333333,0.201,0,0,0,0,0,0,0,-0.5497,-0.9209,0.0541571428571429,-6.4525,-66.5365,-3.27325,0.8694,0.50918,-0.8781,0.11234,8.9635,-15.8131666666667,4.58333333333333,459.49725,1,0,1,1
24-May-2018 14:44:12,51.8888888888889,0.0908714285714286,-0.882571428571428,-0.389657142857143,0.57,-0.6255,0.275333333333333,0.201,0,0,0,0,0,0,0,-0.5497,-0.9209,0.0541571428571429,-6.4525,-66.5365,-3.27325,0.8694,0.50918,-0.8781,0.11234,8.9635,-15.8131666666667,4.58333333333333,459.49725,1,0,1,1
24-May-2018 14:44:12,51.8888888888889,0.0908714285714286,-0.882571428571428,-0.389657142857143,0.57,-0.6255,0.275333333333333,0.201,0,0,0,0,0,0,0,-0.5497,-0.9209,0.0541571428571429,-6.4525,-66.5365,-3.27325,0.8694,0.50918,-0.8781,0.11234,8.9635,-15.8131666666667,4.58333333333333,459.49725,1,0,1,1
24-May-2018 14:44:12,51.8888888888889,0.0908714285714286,-0.882571428571428,-0.389657142857143,0.57,-0.6255,0.275333333333333,0.201,0,0,0,0,0,0,0,-0.5497,-0.9209,0.0541571428571429,-6.4525,-66.5365,-3.27325,0.8694,0.50918,-0.8781,0.11234,8.9635,-15.8131666666667,4.58333333333333,459.49725,1,0,1,1
24-May-2018 14:44:13,52.1,0.0908714285714286,-0.882571428571428,-0.389657142857143,0.57,-0.6255,0.275333333333333,0.201,0,0,0,0,0,0,0,-0.610714285714286,-0.916671428571428,0.135214285714286,-12.9671428571429,-19.2128571428571,-17.0028571428571,0.870333333333333,0.714428571428571,-0.717771428571428,0.0216857142857143,11.6027142857143,12.7961428571429,-61.9321428571429,372.445,1,0,1,0
24-May-2018 14:44:13,52.1,0.0908714285714286,-0.882571428571428,-0.389657142857143,0.57,-0.6255,0.275333333333333,0.201,0,0,0,0,0,0,0,-0.610714285714286,-0.916671428571428,0.135214285714286,-12.9671428571429,-19.2128571428571,-17.0028571428571,0.870333333333333,0.714428571428571,-0.717771428571428,0.0216857142857143,11.6027142857143,12.7961428571429,-61.9321428571429,372.445,1,0,1,0
24-May-2018 14:44:13,52.1,0.0908714285714286,-0.882571428571428,-0.389657142857143,0.57,-0.6255,0.275333333333333,0.201,0,0,0,0,0,0,0,-0.610714285714286,-0.916671428571428,0.135214285714286,-12.9671428571429,-19.2128571428571,-17.0028571428571,0.870333333333333,0.714428571428571,-0.717771428571428,0.0216857142857143,11.6027142857143,12.7961428571429,-61.9321428571429,372.445,1,0,1,0
24-May-2018 14:44:13,52.1,0.0908714285714286,-0.882571428571428,-0.389657142857143,0.57,-0.6255,0.275333333333333,0.201,0,0,0,0,0,0,0,-0.610714285714286,-0.916671428571428,0.135214285714286,-12.9671428571429,-19.2128571428571,-17.0028571428571,0.870333333333333,0.714428571428571,-0.717771428571428,0.0216857142857143,11.6027142857143,12.7961428571429,-61.9321428571429,372.445,1,0,1,0
24-May-2018 14:44:14,52.2,0.0908714285714286,-0.882571428571428,-0.389657142857143,0.57,-0.6255,0.275333333333333,0.201,0,0,0,0,0,0,0,-0.386785714285714,-0.880157142857143,-0.0662571428571429,33.4796666666667,30.8216666666667,26.6785,0.811,1.00661666666667,-0.411233333333333,-0.0472333333333333,43.9198571428571,-26.4024285714286,11.2891428571429,427.056,1,1,1,0
24-May-2018 14:44:14,52.2,0.0908714285714286,-0.882571428571428,-0.389657142857143,0.57,-0.6255,0.275333333333333,0.201,0,0,0,0,0,0,0,-0.386785714285714,-0.880157142857143,-0.0662571428571429,33.4796666666667,30.8216666666667,26.6785,0.811,1.00661666666667,-0.411233333333333,-0.0472333333333333,43.9198571428571,-26.4024285714286,11.2891428571429,427.056,1,1,1,0
24-May-2018 14:44:14,52.2,0.0908714285714286,-0.882571428571428,-0.389657142857143,0.57,-0.6255,0.275333333333333,0.201,0,0,0,0,0,0,0,-0.386785714285714,-0.880157142857143,-0.0662571428571429,33.4796666666667,30.8216666666667,26.6785,0.811,1.00661666666667,-0.411233333333333,-0.0472333333333333,43.9198571428571,-26.4024285714286,11.2891428571429,427.056,1,1,1,0
24-May-2018 14:44:14,52.2,0.0908714285714286,-0.882571428571428,-0.389657142857143,0.57,-0.6255,0.275333333333333,0.201,0,0,0,0,0,0,0,-0.386785714285714,-0.880157142857143,-0.0662571428571429,33.4796666666667,30.8216666666667,26.6785,0.811,1.00661666666667,-0.411233333333333,-0.0472333333333333,43.9198571428571,-26.4024285714286,11.2891428571429,427.056,1,1,1,0
24-May-2018 14:44:15,52,0.0908714285714286,-0.882571428571428,-0.389657142857143,0.57,-0.6255,0.275333333333333,0.201,0,0,0,0,0,0,0,-0.575857142857143,-0.886942857142857,0.0719428571428572,23.48,23.8671428571429,22.6062857142857,0.870666666666667,1.01541666666667,-0.219483333333333,-0.05255,-11.242375,5.388875,-10.038125,474.298,1,1,1,1
24-May-2018 14:44:15,52,0.0908714285714286,-0.882571428571428,-0.389657142857143,0.57,-0.6255,0.275333333333333,0.201,0,0,0,0,0,0,0,-0.575857142857143,-0.886942857142857,0.0719428571428572,23.48,23.8671428571429,22.6062857142857,0.870666666666667,1.01541666666667,-0.219483333333333,-0.05255,-11.242375,5.388875,-10.038125,474.298,1,1,1,1
24-May-2018 14:44:15,52,0.0908714285714286,-0.882571428571428,-0.389657142857143,0.57,-0.6255,0.275333333333333,0.201,0,0,0,0,0,0,0,-0.575857142857143,-0.886942857142857,0.0719428571428572,23.48,23.8671428571429,22.6062857142857,0.870666666666667,1.01541666666667,-0.219483333333333,-0.05255,-11.242375,5.388875,-10.038125,474.298,1,1,1,1
24-May-2018 14:44:15,52,0.0908714285714286,-0.882571428571428,-0.389657142857143,0.57,-0.6255,0.275333333333333,0.201,0,0,0,0,0,0,0,-0.575857142857143,-0.886942857142857,0.0719428571428572,23.48,23.8671428571429,22.6062857142857,0.870666666666667,1.01541666666667,-0.219483333333333,-0.05255,-11.242375,5.388875,-10.038125,474.298,1,1,1,1
24-May-2018 14:44:16,52.5555555555556,0.0908714285714286,-0.882571428571428,-0.389657142857143,0.57,-0.6255,0.275333333333333,0.201,0,0,0,0,0,0,0,-0.4522,-1.03388333333333,-0.0859166666666667,7.3702,-3.536,5.6498,1.2666,1.00021428571429,-0.188,-0.0872285714285714,-57.0223333333333,15.4166666666667,-3.51616666666667,422.34075,1,0,1,1
24-May-2018 14:44:16,52.5555555555556,0.0908714285714286,-0.882571428571428,-0.389657142857143,0.57,-0.6255,0.275333333333333,0.201,0,0,0,0,0,0,0,-0.4522,-1.03388333333333,-0.0859166666666667,7.3702,-3.536,5.6498,1.2666,1.00021428571429,-0.188,-0.0872285714285714,-57.0223333333333,15.4166666666667,-3.51616666666667,422.34075,1,0,1,1
24-May-2018 14:44:16,52.5555555555556,0.0908714285714286,-0.882571428571428,-0.389657142857143,0.57,-0.6255,0.275333333333333,0.201,0,0,0,0,0,0,0,-0.4522,-1.03388333333333,-0.0859166666666667,7.3702,-3.536,5.6498,1.2666,1.00021428571429,-0.188,-0.0872285714285714,-57.0223333333333,15.4166666666667,-3.51616666666667,422.34075,1,0,1,1
24-May-2018 14:44:16,52.5555555555556,0.0908714285714286,-0.882571428571428,-0.389657142857143,0.57,-0.6255,0.275333333333333,0.201,0,0,0,0,0,0,0,-0.4522,-1.03388333333333,-0.0859166666666667,7.3702,-3.536,5.6498,1.2666,1.00021428571429,-0.188,-0.0872285714285714,-57.0223333333333,15.4166666666667,-3.51616666666667,422.34075,1,0,1,1
24-May-2018 14:44:17,52.2,0.0908714285714286,-0.882571428571428,-0.389657142857143,0.57,-0.6255,0.275333333333333,0.201,0,0,0,0,0,0,0,-0.50675,-0.7946,0.0888875,-15.699,9.825,-0.0293333333333337,1.795,0.9983,-0.215077777777778,-0.0175,7.79811111111111,-10.9621111111111,15.6842222222222,422.34075,1,1,1,1
24-May-2018 14:44:17,52.2,0.0908714285714286,-0.882571428571428,-0.389657142857143,0.57,-0.6255,0.275333333333333,0.201,0,0,0,0,0,0,0,-0.50675,-0.7946,0.0888875,-15.699,9.825,-0.0293333333333337,1.795,0.9983,-0.215077777777778,-0.0175,7.79811111111111,-10.9621111111111,15.6842222222222,422.34075,1,1,1,1
24-May-2018 14:44:17,52.2,0.0908714285714286,-0.882571428571428,-0.389657142857143,0.57,-0.6255,0.275333333333333,0.201,0,0,0,0,0,0,0,-0.50675,-0.7946,0.0888875,-15.699,9.825,-0.0293333333333337,1.795,0.9983,-0.215077777777778,-0.0175,7.79811111111111,-10.9621111111111,15.6842222222222,422.34075,1,1,1,1
24-May-2018 14:44:17,52.2,0.0908714285714286,-0.882571428571428,-0.389657142857143,0.57,-0.6255,0.275333333333333,0.201,0,0,0,0,0,0,0,-0.50675,-0.7946,0.0888875,-15.699,9.825,-0.0293333333333337,1.795,0.9983,-0.215077777777778,-0.0175,7.79811111111111,-10.9621111111111,15.6842222222222,0,1,1,1,1
24-May-2018 14:44:18,52.2,0.0908714285714286,-0.882571428571428,-0.389657142857143,0.57,-0.6255,0.275333333333333,0.201,0,0,0,0,0,0,0,-0.4964,-0.8473875,0.1595,-0.885714285714284,2.31942857142857,-7.40857142857143,1.753,0.943183333333333,-0.384233333333333,-0.170116666666667,-10.5995,13.9023333333333,0.884166666666667,335.3065,1,1,1,1
24-May-2018 14:44:18,52.2,0.0908714285714286,-0.882571428571428,-0.389657142857143,0.57,-0.6255,0.275333333333333,0.201,0,0,0,0,0,0,0,-0.4964,-0.8473875,0.1595,-0.885714285714284,2.31942857142857,-7.40857142857143,1.753,0.943183333333333,-0.384233333333333,-0.170116666666667,-10.5995,13.9023333333333,0.884166666666667,335.3065,1,1,1,1
24-May-2018 14:44:18,52.2,0.0908714285714286,-0.882571428571428,-0.389657142857143,0.57,-0.6255,0.275333333333333,0.201,0,0,0,0,0,0,0,-0.4964,-0.8473875,0.1595,-0.885714285714284,2.31942857142857,-7.40857142857143,1.753,0.943183333333333,-0.384233333333333,-0.170116666666667,-10.5995,13.9023333333333,0.884166666666667,335.3065,1,1,1,1
24-May-2018 14:44:18,52.2,0.0908714285714286,-0.882571428571428,-0.389657142857143,0.57,-0.6255,0.275333333333333,0.201,0,0,0,0,0,0,0,-0.4964,-0.8473875,0.1595,-0.885714285714284,2.31942857142857,-7.40857142857143,1.753,0.943183333333333,-0.384233333333333,-0.170116666666667,-10.5995,13.9023333333333,0.884166666666667,335.3065,1,1,1,1
24-May-2018 14:44:19,52.4,0.0908714285714286,-0.882571428571428,-0.389657142857143,0.57,-0.6255,0.275333333333333,0.201,0,0,0,0,0,0,0,-0.50398,-0.68816,0.23376,-11.292,14.592,-26.5516,1.795,0.9869,-0.264133333333333,0.132522222222222,-5.10833333333333,7.649,3.19122222222222,335.3065,1,1,1,1
24-May-2018 14:44:19,52.4,0.0908714285714286,-0.882571428571428,-0.389657142857143,0.57,-0.6255,0.275333333333333,0.201,0,0,0,0,0,0,0,-0.50398,-0.68816,0.23376,-11.292,14.592,-26.5516,1.795,0.9869,-0.264133333333333,0.132522222222222,-5.10833333333333,7.649,3.19122222222222,335.3065,1,1,1,1
24-May-2018 14:44:19,52.4,0.0908714285714286,-0.882571428571428,-0.389657142857143,0.57,-0.6255,0.275333333333333,0.201,0,0,0,0,0,0,0,-0.50398,-0.68816,0.23376,-11.292,14.592,-26.5516,1.795,0.9869,-0.264133333333333,0.132522222222222,-5.10833333333333,7.649,3.19122222222222,335.3065,1,1,1,1
24-May-2018 14:44:19,52.4,0.0908714285714286,-0.882571428571428,-0.389657142857143,0.57,-0.6255,0.275333333333333,0.201,0,0,0,0,0,0,0,-0.50398,-0.68816,0.23376,-11.292,14.592,-26.5516,1.795,0.9869,-0.264133333333333,0.132522222222222,-5.10833333333333,7.649,3.19122222222222,0,1,1,1,1
24-May-2018 14:44:20,52.4444444444444,0.0908714285714286,-0.882571428571428,-0.389657142857143,0.57,-0.6255,0.275333333333333,0.201,0,0,0,0,0,0,0,-0.767233333333333,-0.918033333333333,0.185333333333333,-9.74633333333333,-13.7003333333333,-22.9633333333333,1.9015,0.954671428571429,-0.4026,-0.0259714285714286,-5.7196,-4.6584,2.6706,422.96125,1,1,1,1
24-May-2018 14:44:20,52.4444444444444,0.0908714285714286,-0.882571428571428,-0.389657142857143,0.57,-0.6255,0.275333333333333,0.201,0,0,0,0,0,0,0,-0.767233333333333,-0.918033333333333,0.185333333333333,-9.74633333333333,-13.7003333333333,-22.9633333333333,1.9015,0.954671428571429,-0.4026,-0.0259714285714286,-5.7196,-4.6584,2.6706,422.96125,1,1,1,1
24-May-2018 14:44:20,52.4444444444444,0.0908714285714286,-0.882571428571428,-0.389657142857143,0.57,-0.6255,0.275333333333333,0.201,0,0,0,0,0,0,0,-0.767233333333333,-0.918033333333333,0.185333333333333,-9.74633333333333,-13.7003333333333,-22.9633333333333,1.9015,0.954671428571429,-0.4026,-0.0259714285714286,-5.7196,-4.6584,2.6706,422.96125,1,1,1,1
24-May-2018 14:44:20,52.4444444444444,0.0908714285714286,-0.882571428571428,-0.389657142857143,0.57,-0.6255,0.275333333333333,0.201,0,0,0,0,0,0,0,-0.767233333333333,-0.918033333333333,0.185333333333333,-9.74633333333333,-13.7003333333333,-22.9633333333333,1.9015,0.954671428571429,-0.4026,-0.0259714285714286,-5.7196,-4.6584,2.6706,422.96125,1,1,1,1
24-May-2018 14:44:21,52.1,0.0908714285714286,-0.882571428571428,-0.389657142857143,0.57,-0.6255,0.275333333333333,0.201,0,0,0,0,0,0,0,-0.56305,-0.663083333333333,0.1672,-11.1325714285714,-20.5871428571429,-8.62014285714285,1.65575,1.2598,-0.488883333333333,-0.150516666666667,4.65455555555556,16.0841111111111,-8.04211111111111,422.96125,1,1,1,1
24-May-2018 14:44:21,52.1,0.0908714285714286,-0.882571428571428,-0.389657142857143,0.57,-0.6255,0.275333333333333,0.201,0,0,0,0,0,0,0,-0.56305,-0.663083333333333,0.1672,-11.1325714285714,-20.5871428571429,-8.62014285714285,1.65575,1.2598,-0.488883333333333,-0.150516666666667,4.65455555555556,16.0841111111111,-8.04211111111111,422.96125,1,1,1,1
24-May-2018 14:44:21,52.1,0.0908714285714286,-0.882571428571428,-0.389657142857143,0.57,-0.6255,0.275333333333333,0.201,0,0,0,0,0,0,0,-0.56305,-0.663083333333333,0.1672,-11.1325714285714,-20.5871428571429,-8.62014285714285,1.65575,1.2598,-0.488883333333333,-0.150516666666667,4.65455555555556,16.0841111111111,-8.04211111111111,422.96125,1,1,1,1
24-May-2018 14:44:21,52.1,0.0908714285714286,-0.882571428571428,-0.389657142857143,0.57,-0.6255,0.275333333333333,0.201,0,0,0,0,0,0,0,-0.56305,-0.663083333333333,0.1672,-11.1325714285714,-20.5871428571429,-8.62014285714285,1.65575,1.2598,-0.488883333333333,-0.150516666666667,4.65455555555556,16.0841111111111,-8.04211111111111,0,1,1,1,1
24-May-2018 14:44:22,52.7777777777778,0.0908714285714286,-0.882571428571428,-0.389657142857143,0.57,-0.6255,0.275333333333333,0.201,0,0,0,0,0,0,0,-0.350914285714286,-0.575085714285714,0.1458,0.8775,-6.103,-5.442875,1.327,1.20978,-0.68308,-0.25962,-5.1015,50.6708333333333,-5.44716666666667,390.719,1,1,1,1
24-May-2018 14:44:22,52.7777777777778,0.0908714285714286,-0.882571428571428,-0.389657142857143,0.57,-0.6255,0.275333333333333,0.201,0,0,0,0,0,0,0,-0.350914285714286,-0.575085714285714,0.1458,0.8775,-6.103,-5.442875,1.327,1.20978,-0.68308,-0.25962,-5.1015,50.6708333333333,-5.44716666666667,390.719,1,1,1,1
24-May-2018 14:44:22,52.7777777777778,0.0908714285714286,-0.882571428571428,-0.389657142857143,0.57,-0.6255,0.275333333333333,0.201,0,0,0,0,0,0,0,-0.350914285714286,-0.575085714285714,0.1458,0.8775,-6.103,-5.442875,1.327,1.20978,-0.68308,-0.25962,-5.1015,50.6708333333333,-5.44716666666667,390.719,1,1,1,1
24-May-2018 14:44:22,52.7777777777778,0.0908714285714286,-0.882571428571428,-0.389657142857143,0.57,-0.6255,0.275333333333333,0.201,0,0,0,0,0,0,0,-0.350914285714286,-0.575085714285714,0.1458,0.8775,-6.103,-5.442875,1.327,1.20978,-0.68308,-0.25962,-5.1015,50.6708333333333,-5.44716666666667,390.719,1,1,1,1
24-May-2018 14:44:23,52.5454545454545,0.0908714285714286,-0.882571428571428,-0.389657142857143,0.57,-0.6255,0.275333333333333,0.201,0,0,0,0,0,0,0,-0.7151,-1.04708,-0.01302,-15.3816666666667,-42.6,2.19333333333333,1.20833333333333,1.0874625,-0.4876625,-0.1703625,-3.79333333333333,4.55966666666667,11.3822222222222,390.719,1,1,1,1
24-May-2018 14:44:23,52.5454545454545,0.0908714285714286,-0.882571428571428,-0.389657142857143,0.57,-0.6255,0.275333333333333,0.201,0,0,0,0,0,0,0,-0.7151,-1.04708,-0.01302,-15.3816666666667,-42.6,2.19333333333333,1.20833333333333,1.0874625,-0.4876625,-0.1703625,-3.79333333333333,4.55966666666667,11.3822222222222,390.719,1,1,1,1
24-May-2018 14:44:23,52.5454545454545,0.0908714285714286,-0.882571428571428,-0.389657142857143,0.57,-0.6255,0.275333333333333,0.201,0,0,0,0,0,0,0,-0.7151,-1.04708,-0.01302,-15.3816666666667,-42.6,2.19333333333333,1.20833333333333,1.0874625,-0.4876625,-0.1703625,-3.79333333333333,4.55966666666667,11.3822222222222,390.719,1,1,1,1
24-May-2018 14:44:23,52.5454545454545,0.0908714285714286,-0.882571428571428,-0.389657142857143,0.57,-0.6255,0.275333333333333,0.201,0,0,0,0,0,0,0,-0.7151,-1.04708,-0.01302,-15.3816666666667,-42.6,2.19333333333333,1.20833333333333,1.0874625,-0.4876625,-0.1703625,-3.79333333333333,4.55966666666667,11.3822222222222,0,1,1,1,1
24-May-2018 14:44:24,52.7272727272727,0.0908714285714286,-0.882571428571428,-0.389657142857143,0.57,-0.6255,0.275333333333333,0.201,0,0,0,0,0,0,0,-0.591733333333333,-0.927483333333333,-0.08105,34.6118333333333,-7.625,24.9666666666667,0.746,0.736542857142857,-0.321857142857143,-0.224685714285714,-35.48775,46.311,-3.8565,350.4456,1,1,1,1
24-May-2018 14:44:24,52.7272727272727,0.0908714285714286,-0.882571428571428,-0.389657142857143,0.57,-0.6255,0.275333333333333,0.201,0,0,0,0,0,0,0,-0.591733333333333,-0.927483333333333,-0.08105,34.6118333333333,-7.625,24.9666666666667,0.746,0.736542857142857,-0.321857142857143,-0.224685714285714,-35.48775,46.311,-3.8565,350.4456,1,1,1,1
24-May-2018 14:44:24,52.7272727272727,0.0908714285714286,-0.882571428571428,-0.389657142857143,0.57,-0.6255,0.275333333333333,0.201,0,0,0,0,0,0,0,-0.591733333333333,-0.927483333333333,-0.08105,34.6118333333333,-7.625,24.9666666666667,0.746,0.736542857142857,-0.321857142857143,-0.224685714285714,-35.48775,46.311,-3.8565,350.4456,1,1,1,1
24-May-2018 14:44:24,52.7272727272727,0.0908714285714286,-0.882571428571428,-0.389657142857143,0.57,-0.6255,0.275333333333333,0.201,0,0,0,0,0,0,0,-0.591733333333333,-0.927483333333333,-0.08105,34.6118333333333,-7.625,24.9666666666667,0.746,0.736542857142857,-0.321857142857143,-0.224685714285714,-35.48775,46.311,-3.8565,350.4456,1,1,1,1
24-May-2018 14:44:25,52.5,0.0908714285714286,-0.882571428571428,-0.389657142857143,0.57,-0.6255,0.275333333333333,0.201,0,0,0,0,0,0,0,-0.555114285714286,-0.761414285714286,0.0374142857142857,21.194,-3.758,28.155,0.6,0.798857142857143,-0.507414285714286,-0.202771428571429,9.4715,-2.96733333333333,-19.9695,321.09225,1,1,1,1
24-May-2018 14:44:25,52.5,0.0908714285714286,-0.882571428571428,-0.389657142857143,0.57,-0.6255,0.275333333333333,0.201,0,0,0,0,0,0,0,-0.555114285714286,-0.761414285714286,0.0374142857142857,21.194,-3.758,28.155,0.6,0.798857142857143,-0.507414285714286,-0.202771428571429,9.4715,-2.96733333333333,-19.9695,321.09225,1,1,1,1
24-May-2018 14:44:25,52.5,0.0908714285714286,-0.882571428571428,-0.389657142857143,0.57,-0.6255,0.275333333333333,0.201,0,0,0,0,0,0,0,-0.555114285714286,-0.761414285714286,0.0374142857142857,21.194,-3.758,28.155,0.6,0.798857142857143,-0.507414285714286,-0.202771428571429,9.4715,-2.96733333333333,-19.9695,321.09225,1,1,1,1
24-May-2018 14:44:25,52.5,0.0908714285714286,-0.882571428571428,-0.389657142857143,0.57,-0.6255,0.275333333333333,0.201,0,0,0,0,0,0,0,-0.555114285714286,-0.761414285714286,0.0374142857142857,21.194,-3.758,28.155,0.6,0.798857142857143,-0.507414285714286,-0.202771428571429,9.4715,-2.96733333333333,-19.9695,321.09225,1,1,1,1
24-May-2018 14:44:26,52.5,0.0908714285714286,-0.882571428571428,-0.389657142857143,0.57,-0.6255,0.275333333333333,0.201,0,0,0,0,0,0,0,-0.749783333333333,-0.948466666666667,0.08725,-9.79333333333333,-31.1566666666667,-18.2201666666667,0.573,0.76855,-0.591333333333333,-0.180266666666667,28.1503333333333,-46.3695,-3.3945,314.407,1,1,1,1
24-May-2018 14:44:26,52.5,0.0908714285714286,-0.882571428571428,-0.389657142857143,0.57,-0.6255,0.275333333333333,0.201,0,0,0,0,0,0,0,-0.749783333333333,-0.948466666666667,0.08725,-9.79333333333333,-31.1566666666667,-18.2201666666667,0.573,0.76855,-0.591333333333333,-0.180266666666667,28.1503333333333,-46.3695,-3.3945,314.407,1,1,1,1
24-May-2018 14:44:26,52.5,0.0908714285714286,-0.882571428571428,-0.389657142857143,0.57,-0.6255,0.275333333333333,0.201,0,0,0,0,0,0,0,-0.749783333333333,-0.948466666666667,0.08725,-9.79333333333333,-31.1566666666667,-18.2201666666667,0.573,0.76855,-0.591333333333333,-0.180266666666667,28.1503333333333,-46.3695,-3.3945,314.407,1,1,1,1
24-May-2018 14:44:26,52.5,0.0908714285714286,-0.882571428571428,-0.389657142857143,0.57,-0.6255,0.275333333333333,0.201,0,0,0,0,0,0,0,-0.749783333333333,-0.948466666666667,0.08725,-9.79333333333333,-31.1566666666667,-18.2201666666667,0.573,0.76855,-0.591333333333333,-0.180266666666667,28.1503333333333,-46.3695,-3.3945,314.407,1,1,1,1
24-May-2018 14:44:27,52.0909090909091,0.0908714285714286,-0.882571428571428,-0.389657142857143,0.57,-0.6255,0.275333333333333,0.201,0,0,0,0,0,0,0,-0.7055,-0.827316666666667,0.08475,-14.2071428571429,-21.5528571428571,-1.42728571428571,0.467333333333333,0.995557142857143,-0.633785714285714,-0.209157142857143,3.29266666666667,0.518500000000001,-13.811,324.5824,1,1,1,0
24-May-2018 14:44:27,52.0909090909091,0.0908714285714286,-0.882571428571428,-0.389657142857143,0.57,-0.6255,0.275333333333333,0.201,0,0,0,0,0,0,0,-0.7055,-0.827316666666667,0.08475,-14.2071428571429,-21.5528571428571,-1.42728571428571,0.467333333333333,0.995557142857143,-0.633785714285714,-0.209157142857143,3.29266666666667,0.518500000000001,-13.811,324.5824,1,1,1,0
24-May-2018 14:44:27,52.0909090909091,0.0908714285714286,-0.882571428571428,-0.389657142857143,0.57,-0.6255,0.275333333333333,0.201,0,0,0,0,0,0,0,-0.7055,-0.827316666666667,0.08475,-14.2071428571429,-21.5528571428571,-1.42728571428571,0.467333333333333,0.995557142857143,-0.633785714285714,-0.209157142857143,3.29266666666667,0.518500000000001,-13.811,324.5824,1,1,1,0
24-May-2018 14:44:27,52.0909090909091,0.0908714285714286,-0.882571428571428,-0.389657142857143,0.57,-0.6255,0.275333333333333,0.201,0,0,0,0,0,0,0,-0.7055,-0.827316666666667,0.08475,-14.2071428571429,-21.5528571428571,-1.42728571428571,0.467333333333333,0.995557142857143,-0.633785714285714,-0.209157142857143,3.29266666666667,0.518500000000001,-13.811,324.5824,1,1,1,0
24-May-2018 14:44:28,52.1818181818182,0.0908714285714286,-0.882571428571428,-0.389657142857143,0.57,-0.6255,0.275333333333333,0.201,0,0,0,0,0,0,0,-0.69862,-1.55708,-0.0828,-6.27316666666666,31.2633333333333,7.75316666666667,0.47775,0.582533333333333,-0.25515,-0.179183333333333,55.8622857142857,26.4808571428571,-27.9531428571429,337.792,1,0,1,1
24-May-2018 14:44:28,52.1818181818182,0.0908714285714286,-0.882571428571428,-0.389657142857143,0.57,-0.6255,0.275333333333333,0.201,0,0,0,0,0,0,0,-0.69862,-1.55708,-0.0828,-6.27316666666666,31.2633333333333,7.75316666666667,0.47775,0.582533333333333,-0.25515,-0.179183333333333,55.8622857142857,26.4808571428571,-27.9531428571429,337.792,1,0,1,1
24-May-2018 14:44:28,52.1818181818182,0.0908714285714286,-0.882571428571428,-0.389657142857143,0.57,-0.6255,0.275333333333333,0.201,0,0,0,0,0,0,0,-0.69862,-1.55708,-0.0828,-6.27316666666666,31.2633333333333,7.75316666666667,0.47775,0.582533333333333,-0.25515,-0.179183333333333,55.8622857142857,26.4808571428571,-27.9531428571429,337.792,1,0,1,1
24-May-2018 14:44:28,52.1818181818182,0.0908714285714286,-0.882571428571428,-0.389657142857143,0.57,-0.6255,0.275333333333333,0.201,0,0,0,0,0,0,0,-0.69862,-1.55708,-0.0828,-6.27316666666666,31.2633333333333,7.75316666666667,0.47775,0.582533333333333,-0.25515,-0.179183333333333,55.8622857142857,26.4808571428571,-27.9531428571429,337.792,1,0,1,1
24-May-2018 14:44:29,52.5,0.0908714285714286,-0.882571428571428,-0.389657142857143,0.57,-0.6255,0.275333333333333,0.201,0,0,0,0,0,0,0,-0.72415,-0.80095,0.15065,-17.527625,3.39875,-26.112125,0.456,1.439,-0.62618,-0.3908,9.685,-31.6666666666667,-5.17283333333333,333.8728,1,1,1,1
24-May-2018 14:44:29,52.5,0.0908714285714286,-0.882571428571428,-0.389657142857143,0.57,-0.6255,0.275333333333333,0.201,0,0,0,0,0,0,0,-0.72415,-0.80095,0.15065,-17.527625,3.39875,-26.112125,0.456,1.439,-0.62618,-0.3908,9.685,-31.6666666666667,-5.17283333333333,333.8728,1,1,1,1
24-May-2018 14:44:29,52.5,0.0908714285714286,-0.882571428571428,-0.389657142857143,0.57,-0.6255,0.275333333333333,0.201,0,0,0,0,0,0,0,-0.72415,-0.80095,0.15065,-17.527625,3.39875,-26.112125,0.456,1.439,-0.62618,-0.3908,9.685,-31.6666666666667,-5.17283333333333,333.8728,1,1,1,1
24-May-2018 14:44:29,52.5,0.0908714285714286,-0.882571428571428,-0.389657142857143,0.57,-0.6255,0.275333333333333,0.201,0,0,0,0,0,0,0,-0.72415,-0.80095,0.15065,-17.527625,3.39875,-26.112125,0.456,1.439,-0.62618,-0.3908,9.685,-31.6666666666667,-5.17283333333333,333.8728,1,1,1,1
24-May-2018 14:44:30,52.8181818181818,0.0908714285714286,-0.882571428571428,-0.389657142857143,0.57,-0.6255,0.275333333333333,0.201,0,0,0,0,0,0,0,-0.6129,-0.604666666666667,0.14,-23.2772,-14.254,-32.44,0.4185,0.672633333333333,-0.325283333333333,-0.200466666666667,-14.939,3.90225,25.07625,345.698,1,0,1,1
24-May-2018 14:44:30,52.8181818181818,0.0908714285714286,-0.882571428571428,-0.389657142857143,0.57,-0.6255,0.275333333333333,0.201,0,0,0,0,0,0,0,-0.6129,-0.604666666666667,0.14,-23.2772,-14.254,-32.44,0.4185,0.672633333333333,-0.325283333333333,-0.200466666666667,-14.939,3.90225,25.07625,345.698,1,0,1,1
24-May-2018 14:44:30,52.8181818181818,0.0908714285714286,-0.882571428571428,-0.389657142857143,0.57,-0.6255,0.275333333333333,0.201,0,0,0,0,0,0,0,-0.6129,-0.604666666666667,0.14,-23.2772,-14.254,-32.44,0.4185,0.672633333333333,-0.325283333333333,-0.200466666666667,-14.939,3.90225,25.07625,345.698,1,0,1,1
24-May-2018 14:44:30,52.8181818181818,0.0908714285714286,-0.882571428571428,-0.389657142857143,0.57,-0.6255,0.275333333333333,0.201,0,0,0,0,0,0,0,-0.6129,-0.604666666666667,0.14,-23.2772,-14.254,-32.44,0.4185,0.672633333333333,-0.325283333333333,-0.200466666666667,-14.939,3.90225,25.07625,345.698,1,0,1,1
24-May-2018 14:44:31,51.7,0.0908714285714286,-0.882571428571428,-0.389657142857143,0.57,-0.6255,0.275333333333333,0.201,0,0,0,0,0,0,0,-0.699442857142857,-0.795971428571429,0.142257142857143,-19.2058571428571,-34.2557142857143,-16.7214285714286,0.426,1.41562,-0.64324,-0.27926,52.70575,-7.6525,-0.632625,374.8895,1,0,1,1
24-May-2018 14:44:31,51.7,0.0908714285714286,-0.882571428571428,-0.389657142857143,0.57,-0.6255,0.275333333333333,0.201,0,0,0,0,0,0,0,-0.699442857142857,-0.795971428571429,0.142257142857143,-19.2058571428571,-34.2557142857143,-16.7214285714286,0.426,1.41562,-0.64324,-0.27926,52.70575,-7.6525,-0.632625,374.8895,1,0,1,1
24-May-2018 14:44:31,51.7,0.0908714285714286,-0.882571428571428,-0.389657142857143,0.57,-0.6255,0.275333333333333,0.201,0,0,0,0,0,0,0,-0.699442857142857,-0.795971428571429,0.142257142857143,-19.2058571428571,-34.2557142857143,-16.7214285714286,0.426,1.41562,-0.64324,-0.27926,52.70575,-7.6525,-0.632625,374.8895,1,0,1,1
24-May-2018 14:44:31,51.7,0.0908714285714286,-0.882571428571428,-0.389657142857143,0.57,-0.6255,0.275333333333333,0.201,0,0,0,0,0,0,0,-0.699442857142857,-0.795971428571429,0.142257142857143,-19.2058571428571,-34.2557142857143,-16.7214285714286,0.426,1.41562,-0.64324,-0.27926,52.70575,-7.6525,-0.632625,374.8895,1,0,1,1
24-May-2018 14:44:32,28.7142857142857,0.0908714285714286,-0.882571428571428,-0.389657142857143,0.57,-0.6255,0.275333333333333,0.201,0,0,0,0,0,0,0,-0.497116666666667,-0.784533333333333,0.0924,-12.1414285714286,-9.91342857142857,-3.75714285714286,0.432,0.933328571428572,-0.548885714285714,-0.177285714285714,75.1462,-28.5608,-30.4636,350.31475,1,1,1,1
24-May-2018 14:44:32,28.7142857142857,0.0908714285714286,-0.882571428571428,-0.389657142857143,0.57,-0.6255,0.275333333333333,0.201,0,0,0,0,0,0,0,-0.497116666666667,-0.784533333333333,0.0924,-12.1414285714286,-9.91342857142857,-3.75714285714286,0.432,0.933328571428572,-0.548885714285714,-0.177285714285714,75.1462,-28.5608,-30.4636,350.31475,1,1,1,1
24-May-2018 14:44:32,28.7142857142857,0.0908714285714286,-0.882571428571428,-0.389657142857143,0.57,-0.6255,0.275333333333333,0.201,0,0,0,0,0,0,0,-0.497116666666667,-0.784533333333333,0.0924,-12.1414285714286,-9.91342857142857,-3.75714285714286,0.432,0.933328571428572,-0.548885714285714,-0.177285714285714,75.1462,-28.5608,-30.4636,350.31475,1,1,1,1
24-May-2018 14:44:32,28.7142857142857,0.0908714285714286,-0.882571428571428,-0.389657142857143,0.57,-0.6255,0.275333333333333,0.201,0,0,0,0,0,0,0,-0.497116666666667,-0.784533333333333,0.0924,-12.1414285714286,-9.91342857142857,-3.75714285714286,0.432,0.933328571428572,-0.548885714285714,-0.177285714285714,75.1462,-28.5608,-30.4636,350.31475,1,1,1,1
24-May-2018 14:44:33,-52.7777777777778,0.0908714285714286,-0.882571428571428,-0.389657142857143,0.57,-0.6255,0.275333333333333,0.201,0,0,0,0,0,0,0,-0.413116666666667,-0.4618,0.272566666666667,9.127,29.3485714285714,17.3324285714286,0.426,0.742485714285714,-0.289785714285714,-0.138142857142857,-25.634,34.1098,12.4148,326.1328,1,1,1,0
24-May-2018 14:44:33,-52.7777777777778,0.0908714285714286,-0.882571428571428,-0.389657142857143,0.57,-0.6255,0.275333333333333,0.201,0,0,0,0,0,0,0,-0.413116666666667,-0.4618,0.272566666666667,9.127,29.3485714285714,17.3324285714286,0.426,0.742485714285714,-0.289785714285714,-0.138142857142857,-25.634,34.1098,12.4148,326.1328,1,1,1,0
24-May-2018 14:44:33,-52.7777777777778,0.0908714285714286,-0.882571428571428,-0.389657142857143,0.57,-0.6255,0.275333333333333,0.201,0,0,0,0,0,0,0,-0.413116666666667,-0.4618,0.272566666666667,9.127,29.3485714285714,17.3324285714286,0.426,0.742485714285714,-0.289785714285714,-0.138142857142857,-25.634,34.1098,12.4148,326.1328,1,1,1,0
24-May-2018 14:44:33,-52.7777777777778,0.0908714285714286,-0.882571428571428,-0.389657142857143,0.57,-0.6255,0.275333333333333,0.201,0,0,0,0,0,0,0,-0.413116666666667,-0.4618,0.272566666666667,9.127,29.3485714285714,17.3324285714286,0.426,0.742485714285714,-0.289785714285714,-0.138142857142857,-25.634,34.1098,12.4148,326.1328,1,1,1,0
24-May-2018 14:44:34,-90.6,0.0908714285714286,-0.882571428571428,-0.389657142857143,0.57,-0.6255,0.275333333333333,0.201,0,0,0,0,0,0,0,-0.6127125,-0.7088875,0.112025,-8.6158,-22.2098,-19.49,0.432,0.976042857142857,-0.486285714285714,-0.184285714285714,-14.0852857142857,-7.49985714285714,-0.0870000000000003,328.476,1,1,1,0
24-May-2018 14:44:34,-90.6,0.0908714285714286,-0.882571428571428,-0.389657142857143,0.57,-0.6255,0.275333333333333,0.201,0,0,0,0,0,0,0,-0.6127125,-0.7088875,0.112025,-8.6158,-22.2098,-19.49,0.432,0.976042857142857,-0.486285714285714,-0.184285714285714,-14.0852857142857,-7.49985714285714,-0.0870000000000003,328.476,1,1,1,0
24-May-2018 14:44:34,-90.6,0.0908714285714286,-0.882571428571428,-0.389657142857143,0.57,-0.6255,0.275333333333333,0.201,0,0,0,0,0,0,0,-0.6127125,-0.7088875,0.112025,-8.6158,-22.2098,-19.49,0.432,0.976042857142857,-0.486285714285714,-0.184285714285714,-14.0852857142857,-7.49985714285714,-0.0870000000000003,328.476,1,1,1,0
24-May-2018 14:44:34,-90.6,0.0908714285714286,-0.882571428571428,-0.389657142857143,0.57,-0.6255,0.275333333333333,0.201,0,0,0,0,0,0,0,-0.6127125,-0.7088875,0.112025,-8.6158,-22.2098,-19.49,0.432,0.976042857142857,-0.486285714285714,-0.184285714285714,-14.0852857142857,-7.49985714285714,-0.0870000000000003,328.476,1,1,1,0
24-May-2018 14:44:35,-10.8888888888889,0.0908714285714286,-0.882571428571428,-0.389657142857143,0.57,-0.6255,0.275333333333333,0.201,0,0,0,0,0,0,0,-0.6409,-0.3911,0.22945,-9.53857142857143,-22.39,-5.63414285714286,0.385,0.81016,-0.37052,-0.18588,14.5233333333333,42.3375,12.0223333333333,302.1836,1,1,1,1
24-May-2018 14:44:35,-10.8888888888889,0.0908714285714286,-0.882571428571428,-0.389657142857143,0.57,-0.6255,0.275333333333333,0.201,0,0,0,0,0,0,0,-0.6409,-0.3911,0.22945,-9.53857142857143,-22.39,-5.63414285714286,0.385,0.81016,-0.37052,-0.18588,14.5233333333333,42.3375,12.0223333333333,302.1836,1,1,1,1
24-May-2018 14:44:35,-10.8888888888889,0.0908714285714286,-0.882571428571428,-0.389657142857143,0.57,-0.6255,0.275333333333333,0.201,0,0,0,0,0,0,0,-0.6409,-0.3911,0.22945,-9.53857142857143,-22.39,-5.63414285714286,0.385,0.81016,-0.37052,-0.18588,14.5233333333333,42.3375,12.0223333333333,302.1836,1,1,1,1
24-May-2018 14:44:35,-10.8888888888889,0.0908714285714286,-0.882571428571428,-0.389657142857143,0.57,-0.6255,0.275333333333333,0.201,0,0,0,0,0,0,0,-0.6409,-0.3911,0.22945,-9.53857142857143,-22.39,-5.63414285714286,0.385,0.81016,-0.37052,-0.18588,14.5233333333333,42.3375,12.0223333333333,302.1836,1,1,1,1
